{
  "0": {
    "faithfulness": 1.0,
    "answer_relevancy": 0.632726159722164,
    "context_precision": 0.9999999999666667,
    "context_recall": 1.0,
    "factual_correctness": 0.63
  },
  "1": {
    "faithfulness": 1.0,
    "answer_relevancy": 0.9228141268358158,
    "context_precision": 0.8055555555287036,
    "context_recall": 1.0,
    "factual_correctness": 0.86
  },
  "2": {
    "faithfulness": 1.0,
    "answer_relevancy": 0.9199138519371454,
    "context_precision": 0.999999999975,
    "context_recall": 1.0,
    "factual_correctness": 0.4
  },
  "3": {
    "faithfulness": 1.0,
    "answer_relevancy": 0.8714137909871654,
    "context_precision": 0.9999999999666667,
    "context_recall": 1.0,
    "factual_correctness": 0.44
  },
  "4": {
    "faithfulness": 1.0,
    "answer_relevancy": 0.7189728236359145,
    "context_precision": 0.5833333333041666,
    "context_recall": 1.0,
    "factual_correctness": 0.67
  },
  "5": {
    "faithfulness": 1.0,
    "answer_relevancy": 0.0,
    "context_precision": 0.0,
    "context_recall": 0.0,
    "factual_correctness": 0.67
  },
  "6": {
    "faithfulness": 0.6,
    "answer_relevancy": 1.0000000000000002,
    "context_precision": 0.3333333333,
    "context_recall": 0.45,
    "factual_correctness": 0.4
  },
  "7": {
    "faithfulness": 1.0,
    "answer_relevancy": 0.5841657921407659,
    "context_precision": 0.99999999995,
    "context_recall": 0.3333333333333333,
    "factual_correctness": 0.62
  },
  "8": {
    "faithfulness": 1.0,
    "answer_relevancy": 0.8727331369805217,
    "context_precision": 0.999999999975,
    "context_recall": 1.0,
    "factual_correctness": 0.0
  },
  "9": {
    "faithfulness": 1.0,
    "answer_relevancy": 0.9461273571217074,
    "context_precision": 0.49999999995,
    "context_recall": 0.6666666666666666,
    "factual_correctness": 0.0
  },
  "10": {
    "faithfulness": 1.0,
    "answer_relevancy": 0.9266601447635102,
    "context_precision": 0.999999999975,
    "context_recall": 1.0,
    "factual_correctness": 0.4
  },
  "11": {
    "faithfulness": 1.0,
    "answer_relevancy": 0.9385113073162316,
    "context_precision": 0.9999999999666667,
    "context_recall": 1.0,
    "factual_correctness": 0.29
  },
  "12": {
    "faithfulness": 1.0,
    "answer_relevancy": 0.990235188486352,
    "context_precision": 0.9999999999666667,
    "context_recall": 1.0,
    "factual_correctness": 0.5
  },
  "13": {
    "faithfulness": 1.0,
    "answer_relevancy": 0.9922496879275936,
    "context_precision": 0.0,
    "context_recall": 0.0,
    "factual_correctness": 0.33
  },
  "14": {
    "faithfulness": 1.0,
    "answer_relevancy": 0.7710252138244472,
    "context_precision": 0.999999999975,
    "context_recall": 1.0,
    "factual_correctness": 1.0
  },
  "15": {
    "faithfulness": 1.0,
    "answer_relevancy": 0.7277190009020528,
    "context_precision": 0.999999999975,
    "context_recall": 1.0,
    "factual_correctness": 0.27
  },
  "16": {
    "faithfulness": 1.0,
    "answer_relevancy": 0.9800822473129113,
    "context_precision": 0.999999999975,
    "context_recall": 1.0,
    "factual_correctness": 1.0
  },
  "17": {
    "faithfulness": 1.0,
    "answer_relevancy": 1.0,
    "context_precision": 0.999999999975,
    "context_recall": 1.0,
    "factual_correctness": 0.46
  },
  "18": {
    "faithfulness": 0.8181818181818182,
    "answer_relevancy": 0.6925467347451714,
    "context_precision": 0.3333333333,
    "context_recall": 1.0,
    "factual_correctness": 0.2
  },
  "19": {
    "faithfulness": 1.0,
    "answer_relevancy": 0.933292758748468,
    "context_precision": 0.99999999995,
    "context_recall": 1.0,
    "factual_correctness": 0.8
  },
  "20": {
    "faithfulness": 1.0,
    "answer_relevancy": 0.9379262287119013,
    "context_precision": 0.999999999975,
    "context_recall": 1.0,
    "factual_correctness": 0.4
  },
  "21": {
    "faithfulness": 1.0,
    "answer_relevancy": 0.992002652375065,
    "context_precision": 0.999999999975,
    "context_recall": 1.0,
    "factual_correctness": 1.0
  },
  "22": {
    "faithfulness": 1.0,
    "answer_relevancy": 0.9554728741589201,
    "context_precision": 0.999999999975,
    "context_recall": 1.0,
    "factual_correctness": 0.62
  },
  "23": {
    "faithfulness": 1.0,
    "answer_relevancy": 0.9921517120864237,
    "context_precision": 0.999999999975,
    "context_recall": 1.0,
    "factual_correctness": 1.0
  },
  "24": {
    "faithfulness": 1.0,
    "answer_relevancy": 0.9549495174192207,
    "context_precision": 0.9999999999,
    "context_recall": 1.0,
    "factual_correctness": 0.8
  },
  "25": {
    "faithfulness": 0.0,
    "answer_relevancy": 0.9072862648755614,
    "context_precision": 0.999999999975,
    "context_recall": 1.0,
    "factual_correctness": 0.67
  },
  "26": {
    "faithfulness": 1.0,
    "answer_relevancy": 0.8474029941159084,
    "context_precision": 0.999999999975,
    "context_recall": 1.0,
    "factual_correctness": 1.0
  },
  "27": {
    "faithfulness": 0.8947368421052632,
    "answer_relevancy": 0.9059771952533454,
    "context_precision": 0.999999999975,
    "context_recall": 1.0,
    "factual_correctness": 0.15
  },
  "28": {
    "faithfulness": 1.0,
    "answer_relevancy": 0.8629164250283198,
    "context_precision": 0.9999999999666667,
    "context_recall": 1.0,
    "factual_correctness": 0.33
  },
  "29": {
    "faithfulness": 1.0,
    "answer_relevancy": 0.7949250825403243,
    "context_precision": 0.8055555555287036,
    "context_recall": 1.0,
    "factual_correctness": 0.25
  },
  "30": {
    "faithfulness": 0.9166666666666666,
    "answer_relevancy": 0.9411308665338618,
    "context_precision": 0.4166666666458333,
    "context_recall": 1.0,
    "factual_correctness": 0.67
  },
  "31": {
    "faithfulness": 1.0,
    "answer_relevancy": 0.9385833001426982,
    "context_precision": 0.999999999975,
    "context_recall": 1.0,
    "factual_correctness": 0.44
  },
  "32": {
    "faithfulness": 1.0,
    "answer_relevancy": 0.7441065750429224,
    "context_precision": 0.999999999975,
    "context_recall": 1.0,
    "factual_correctness": 0.5
  },
  "33": {
    "faithfulness": 1.0,
    "answer_relevancy": 0.7965869811308087,
    "context_precision": 0.9999999999666667,
    "context_recall": 1.0,
    "factual_correctness": 1.0
  },
  "34": {
    "faithfulness": 1.0,
    "answer_relevancy": 0.9999999999999997,
    "context_precision": 0.9999999999666667,
    "context_recall": 1.0,
    "factual_correctness": 0.4
  },
  "35": {
    "faithfulness": 1.0,
    "answer_relevancy": 0.7599792069775333,
    "context_precision": 0.8333333332916666,
    "context_recall": 0.6666666666666666,
    "factual_correctness": 0.22
  },
  "36": {
    "faithfulness": 1.0,
    "answer_relevancy": 0.8637408220167901,
    "context_precision": 0.999999999975,
    "context_recall": 1.0,
    "factual_correctness": 0.29
  },
  "37": {
    "faithfulness": 1.0,
    "answer_relevancy": 0.685466539059223,
    "context_precision": 0.999999999975,
    "context_recall": 1.0,
    "factual_correctness": 0.67
  },
  "38": {
    "faithfulness": 1.0,
    "answer_relevancy": 0.9654761785449247,
    "context_precision": 0.999999999975,
    "context_recall": 1.0,
    "factual_correctness": 0.0
  },
  "39": {
    "faithfulness": 0.5714285714285714,
    "answer_relevancy": 0.9864060805380368,
    "context_precision": 0.9999999999,
    "context_recall": 0.6666666666666666,
    "factual_correctness": 0.0
  },
  "40": {
    "faithfulness": 1.0,
    "answer_relevancy": 0.7873209048167457,
    "context_precision": 0.9999999999666667,
    "context_recall": 1.0,
    "factual_correctness": 0.67
  },
  "41": {
    "faithfulness": 1.0,
    "answer_relevancy": 0.9323204192298458,
    "context_precision": 0.9999999999,
    "context_recall": 1.0,
    "factual_correctness": 0.8
  },
  "42": {
    "faithfulness": 1.0,
    "answer_relevancy": 0.9156113714731573,
    "context_precision": 0.999999999975,
    "context_recall": 0.75,
    "factual_correctness": 0.44
  },